ano_mes;matricula;monitoria;sac;%sac;tempo_logado;tempo_pausas;;;;;;
01/02/2021;4400331;51;0;0;29273;1497;;;;;;
01/05/2021;4400364;80;0;0;26808;1888;;;;;;
01/08/2021;4400096;58;0;0;26910;1328;;;;;;
01/03/2021;4400283;82;0;0;29441;1764;;;;;;
01/08/2021;4400590;73;0;0;25970;1281;;;;;;
01/06/2021;4400189;57;0;0;27640;1960;;;;;;
01/06/2021;4400573;51;0;0;27958;1324;;;;;;
01/06/2021;4400073;65;0;0;26359;1778;;;;;;
01/05/2021;4400119;65;0;0;21217;1996;;;;;;
01/05/2021;4400336;87;0;0;26020;1716;;;;;;
01/04/2021;4400864;76;0;0;28197;1213;;;;;;
01/03/2021;4400261;67;0;0;28432;1667;;;;;;
01/09/2021;4400359;51;0;0;23285;1882;;;;;;
01/04/2021;4400704;80;0;0;23401;1531;;;;;;
01/05/2021;4400709;96;0;0;28240;1789;;;;;;
01/04/2021;4400104;71;0;0;24701;1391;;;;;;
01/09/2021;4400909;71;0;0;23840;1926;;;;;;
01/02/2021;4400862;60;0;0;23659;1155;;;;;;
01/07/2021;4400433;65;0;0;24739;1950;;;;;;
01/06/2021;4400040;69;0;0;27578;1285;;;;;;
01/04/2021;4400663;50;0;0;21875;1254;;;;;;
01/09/2021;4400349;64;0;0;26797;1177;;;;;;
01/02/2021;4400376;100;0;0;22656;1585;;;;;;
01/08/2021;4400053;73;0;0;24917;1521;;;;;;
01/09/2021;4400664;96;0;0;28623;1203;;;;;;
01/04/2021;4400888;81;0;0;27973;1531;;;;;;
01/06/2021;4400305;81;0;0;22932;1865;;;;;;
01/09/2021;4400821;98;0;0;23583;1056;;;;;;
01/05/2021;4400052;61;0;0;24141;1236;;;;;;
01/05/2021;4400697;57;0;0;22877;1833;;;;;;
01/09/2021;4400164;81;0;0;28187;1087;;;;;;
01/06/2021;4400064;54;0;0;26414;1057;;;;;;
01/05/2021;4400466;83;0;0;22490;1053;;;;;;
01/01/2021;4400425;60;0;0;27331;1648;;;;;;
01/08/2021;4400800;81;0;0;28405;1257;;;;;;
01/07/2021;4400434;68;0;0;21449;1777;;;;;;
01/09/2021;4400782;75;0;0;22324;1992;;;;;;
01/08/2021;4400017;94;0;0;26642;1902;;;;;;
01/09/2021;4400292;100;0;0;24643;1642;;;;;;
01/07/2021;4400330;52;0;0;24989;1990;;;;;;
01/04/2021;4400088;92;0;0;27019;1667;;;;;;
01/07/2021;4400323;91;0;0;23562;1842;;;;;;
01/05/2021;4400398;64;0;0;25207;1297;;;;;;
01/09/2021;4400470;54;0;0;29078;1234;;;;;;
01/01/2021;4400745;52;0;0;25608;1114;;;;;;
01/03/2021;4400649;63;0;0;25636;1035;;;;;;
01/06/2021;4400425;90;0;0;24520;1787;;;;;;
01/09/2021;4400490;88;0;0;28055;1700;;;;;;
01/07/2021;4400069;67;0;0;22585;1837;;;;;;
01/08/2021;4400366;72;0;0;21152;1832;;;;;;
01/05/2021;4400737;80;0;0;25281;1708;;;;;;
01/03/2021;4400632;89;0;0;21554;1276;;;;;;
01/07/2021;4400818;99;0;0;22389;1538;;;;;;
01/06/2021;4400120;55;0;0;26589;1786;;;;;;
01/01/2021;4400246;51;0;0;25878;1787;;;;;;
01/01/2021;4400494;57;0;0;26833;1571;;;;;;
01/03/2021;4400227;94;0;0;24222;1618;;;;;;
01/09/2021;4400147;60;0;0;21435;1959;;;;;;
01/09/2021;4400681;55;0;0;29317;1086;;;;;;
01/07/2021;4400140;87;0;0;29094;1175;;;;;;
01/09/2021;4400692;89;0;0;26892;1078;;;;;;
01/03/2021;4400035;86;0;0;26181;1444;;;;;;
01/01/2021;4400541;55;0;0;25011;1554;;;;;;
01/03/2021;4400894;93;0;0;25564;1756;;;;;;
01/01/2021;4400847;79;0;0;23770;1574;;;;;;
01/05/2021;4400411;61;0;0;25098;1157;;;;;;
01/09/2021;4400390;94;0;0;27606;1286;;;;;;
01/09/2021;4400680;69;0;0;27492;1769;;;;;;
01/01/2021;4400415;99;0;0;29301;1831;;;;;;
01/06/2021;4400122;79;0;0;23860;1905;;;;;;
01/06/2021;4400317;62;0;0;22812;1014;;;;;;
01/05/2021;4400135;66;0;0;23733;1279;;;;;;
01/02/2021;4400089;99;0;0;23660;1467;;;;;;
01/05/2021;4400235;61;0;0;22602;1962;;;;;;
01/04/2021;4400567;51;0;0;21004;1208;;;;;;
01/09/2021;4400044;61;0;0;26578;1746;;;;;;
01/04/2021;4400776;99;0;0;24303;1729;;;;;;
01/07/2021;4400694;93;0;0;24372;1330;;;;;;
01/09/2021;4400074;87;0;0;26583;1512;;;;;;
01/04/2021;4400445;79;0;0;24860;1323;;;;;;
01/01/2021;4400038;85;0;0;23733;1511;;;;;;
01/07/2021;4400104;95;0;0;21113;1019;;;;;;
01/09/2021;4400673;78;0;0;24721;1450;;;;;;
01/06/2021;4400061;83;0;0;21333;1917;;;;;;
01/06/2021;4400092;98;0;0;28155;1286;;;;;;
01/03/2021;4400801;54;0;0;25339;1361;;;;;;
01/01/2021;4400512;67;0;0;23721;1726;;;;;;
01/03/2021;4400020;76;0;0;24205;1555;;;;;;
01/02/2021;4400902;63;0;0;25590;1387;;;;;;
01/05/2021;4400250;84;0;0;22906;1076;;;;;;
01/04/2021;4400073;87;0;0;23205;1740;;;;;;
01/07/2021;4400782;77;0;0;23183;1239;;;;;;
01/04/2021;4400117;85;0;0;26882;1174;;;;;;
01/06/2021;4400064;88;0;0;27296;1745;;;;;;
01/03/2021;4400444;91;0;0;23078;1096;;;;;;
01/07/2021;4400512;98;0;0;23060;1325;;;;;;
01/07/2021;4400858;68;0;0;23861;1712;;;;;;
01/09/2021;4400792;96;0;0;25617;1769;;;;;;
01/04/2021;4400309;59;0;0;24514;1032;;;;;;
01/07/2021;4400226;77;0;0;21553;1555;;;;;;
01/04/2021;4400054;72;0;0;29144;1026;;;;;;
01/09/2021;4400472;63;0;0;28023;1779;;;;;;
01/02/2021;4400499;68;0;0;24246;1346;;;;;;
01/02/2021;4400271;85;0;0;22291;1676;;;;;;
01/06/2021;4400169;56;0;0;21463;1375;;;;;;
01/01/2021;4400187;99;0;0;22615;1620;;;;;;
01/09/2021;4400321;89;0;0;25737;1393;;;;;;
01/08/2021;4400716;78;0;0;24627;1954;;;;;;
01/04/2021;4400865;66;0;0;28591;1242;;;;;;
01/09/2021;4400836;99;0;0;22243;1559;;;;;;
01/07/2021;4400724;83;0;0;21935;1803;;;;;;
01/01/2021;4400484;85;0;0;24803;1757;;;;;;
01/08/2021;4400078;81;0;0;28829;1553;;;;;;
01/06/2021;4400414;71;0;0;25037;1932;;;;;;
01/09/2021;4400520;62;0;0;26423;1189;;;;;;
01/05/2021;4400593;93;0;0;28315;1086;;;;;;
01/07/2021;4400769;67;0;0;21918;1815;;;;;;
01/07/2021;4400170;77;0;0;21471;1091;;;;;;
01/03/2021;4400270;87;0;0;28115;2000;;;;;;
01/02/2021;4400658;97;0;0;23494;1781;;;;;;
01/08/2021;4400091;94;0;0;25939;1805;;;;;;
01/05/2021;4400793;70;0;0;25201;1709;;;;;;
01/04/2021;4400337;60;0;0;27823;1658;;;;;;
01/09/2021;4400395;69;0;0;23311;1624;;;;;;
01/01/2021;4400202;98;0;0;22667;1271;;;;;;
01/06/2021;4400370;75;0;0;21353;1645;;;;;;
01/09/2021;4400833;56;0;0;22241;1080;;;;;;
01/05/2021;4400244;70;0;0;21707;1111;;;;;;
01/03/2021;4400398;64;0;0;28245;1072;;;;;;
01/06/2021;4400005;98;0;0;24095;1435;;;;;;
01/02/2021;4400271;93;0;0;22817;1793;;;;;;
01/04/2021;4400446;97;0;0;27510;1145;;;;;;
01/01/2021;4400242;99;0;0;21530;1189;;;;;;
01/07/2021;4400063;77;0;0;29440;1979;;;;;;
01/09/2021;4400713;55;0;0;25438;1324;;;;;;
01/01/2021;4400075;54;0;0;28859;1810;;;;;;
01/03/2021;4400727;57;0;0;24330;1412;;;;;;
01/03/2021;4400864;72;0;0;27485;1716;;;;;;
01/07/2021;4400474;100;0;0;28599;1079;;;;;;
01/09/2021;4400399;81;0;0;24909;1728;;;;;;
01/08/2021;4400238;82;0;0;27105;1542;;;;;;
01/07/2021;4400689;58;0;0;26492;1767;;;;;;
01/01/2021;4400028;81;0;0;23182;1692;;;;;;
01/03/2021;4400183;54;0;0;28088;1277;;;;;;
01/05/2021;4400492;88;0;0;23974;1277;;;;;;
01/05/2021;4400389;62;0;0;21347;1464;;;;;;
01/05/2021;4400237;86;0;0;25443;1072;;;;;;
01/01/2021;4400509;66;0;0;28289;1268;;;;;;
01/08/2021;4400582;88;0;0;24557;1966;;;;;;
01/05/2021;4400365;92;0;0;21682;1856;;;;;;
01/01/2021;4400590;71;0;0;27242;2000;;;;;;
01/09/2021;4400671;87;0;0;25778;1119;;;;;;
01/03/2021;4400759;87;0;0;23665;1939;;;;;;
01/09/2021;4400034;96;0;0;29303;1759;;;;;;
01/03/2021;4400496;52;0;0;25034;1735;;;;;;
01/09/2021;4400494;90;0;0;25189;1327;;;;;;
01/03/2021;4400683;65;0;0;28961;1548;;;;;;
01/08/2021;4400080;52;0;0;28951;1509;;;;;;
01/01/2021;4400455;60;0;0;27807;1897;;;;;;
01/08/2021;4400432;57;0;0;28687;1991;;;;;;
01/04/2021;4400589;86;0;0;28648;1587;;;;;;
01/07/2021;4400574;57;0;0;27556;1362;;;;;;
01/04/2021;4400708;99;0;0;26549;1241;;;;;;
01/09/2021;4400448;96;0;0;26325;1562;;;;;;
01/07/2021;4400689;74;0;0;23978;1142;;;;;;
01/03/2021;4400151;100;0;0;25095;1099;;;;;;
01/04/2021;4400861;86;0;0;26896;1084;;;;;;
01/05/2021;4400819;55;0;0;23980;1773;;;;;;
01/09/2021;4400114;53;0;0;23767;1710;;;;;;
01/06/2021;4400613;78;0;0;27173;1803;;;;;;
01/09/2021;4400129;65;0;0;26670;1026;;;;;;
01/09/2021;4400746;61;0;0;22454;1687;;;;;;
01/04/2021;4400672;70;0;0;21495;1177;;;;;;
01/06/2021;4400272;58;0;0;28509;1734;;;;;;
01/04/2021;4400149;62;0;0;25410;1292;;;;;;
01/03/2021;4400536;70;0;0;25638;1278;;;;;;
01/03/2021;4400427;65;0;0;28659;1704;;;;;;
01/08/2021;4400799;73;0;0;21423;1552;;;;;;
01/02/2021;4400513;75;0;0;22785;1692;;;;;;
01/03/2021;4400813;77;0;0;25072;1977;;;;;;
01/05/2021;4400826;69;0;0;26918;1807;;;;;;
01/05/2021;4400674;58;0;0;25665;1518;;;;;;
01/01/2021;4400753;76;0;0;26658;1112;;;;;;
01/06/2021;4400790;61;0;0;23910;1091;;;;;;
01/04/2021;4400402;92;0;0;27101;1746;;;;;;
01/07/2021;4400560;74;0;0;25466;1348;;;;;;
01/05/2021;4400154;79;0;0;26806;1842;;;;;;
01/06/2021;4400093;55;0;0;22903;1989;;;;;;
01/05/2021;4400233;54;0;0;25847;1283;;;;;;
01/01/2021;4400754;99;0;0;26958;1457;;;;;;
01/07/2021;4400298;59;0;0;27988;1496;;;;;;
01/08/2021;4400289;82;0;0;29438;1353;;;;;;
01/03/2021;4400585;68;0;0;24853;1605;;;;;;
01/01/2021;4400199;92;0;0;23644;1449;;;;;;
01/06/2021;4400222;61;0;0;22136;1713;;;;;;
01/05/2021;4400371;68;0;0;25032;1768;;;;;;
01/03/2021;4400500;78;0;0;22350;1904;;;;;;
01/01/2021;4400213;86;0;0;22640;1465;;;;;;
01/06/2021;4400329;96;0;0;22125;1686;;;;;;
01/07/2021;4400715;88;0;0;24392;1738;;;;;;
01/06/2021;4400012;72;0;0;26336;1328;;;;;;
01/04/2021;4400713;56;0;0;21733;1972;;;;;;
01/02/2021;4400661;84;0;0;22707;1248;;;;;;
01/04/2021;4400051;80;0;0;26879;1601;;;;;;
01/09/2021;4400340;55;0;0;28532;1671;;;;;;
01/06/2021;4400088;80;0;0;26484;1923;;;;;;
01/08/2021;4400545;60;0;0;23732;1526;;;;;;
01/05/2021;4400500;55;0;0;29020;1701;;;;;;
01/02/2021;4400466;88;0;0;28028;1709;;;;;;
01/01/2021;4400386;62;0;0;25889;1470;;;;;;
01/03/2021;4400040;84;0;0;23576;1044;;;;;;
01/06/2021;4400527;54;0;0;22516;1921;;;;;;
01/04/2021;4400029;63;0;0;23994;1815;;;;;;
01/01/2021;4400059;67;0;0;22548;1185;;;;;;
01/01/2021;4400193;84;0;0;23728;1555;;;;;;
01/04/2021;4400549;60;0;0;26376;1304;;;;;;
01/01/2021;4400067;59;0;0;24923;1431;;;;;;
01/02/2021;4400511;61;0;0;28133;1613;;;;;;
01/02/2021;4400173;93;0;0;25149;1499;;;;;;
01/03/2021;4400286;51;0;0;27069;1374;;;;;;
01/02/2021;4400277;71;0;0;26554;1321;;;;;;
01/02/2021;4400286;92;0;0;27895;1161;;;;;;
01/03/2021;4400727;86;0;0;29313;1072;;;;;;
01/07/2021;4400907;100;0;0;28117;1265;;;;;;
01/08/2021;4400797;96;0;0;25724;1536;;;;;;
01/07/2021;4400203;90;0;0;28873;1444;;;;;;
01/06/2021;4400390;91;0;0;26131;1104;;;;;;
01/09/2021;4400133;64;0;0;23938;1216;;;;;;
01/02/2021;4400369;74;0;0;29121;1363;;;;;;
01/04/2021;4400870;58;0;0;22531;1495;;;;;;
01/01/2021;4400367;88;0;0;25156;1310;;;;;;
01/06/2021;4400481;52;0;0;28061;1606;;;;;;
01/09/2021;4400655;87;0;0;25812;1074;;;;;;
01/09/2021;4400049;77;0;0;27677;1673;;;;;;
01/05/2021;4400614;60;0;0;23315;1449;;;;;;
01/04/2021;4400804;100;0;0;24369;1756;;;;;;
01/02/2021;4400592;75;0;0;25760;1464;;;;;;
01/07/2021;4400068;82;0;0;26842;1306;;;;;;
01/07/2021;4400893;62;0;0;23210;1021;;;;;;
01/06/2021;4400297;68;0;0;22729;1219;;;;;;
01/01/2021;4400876;82;0;0;26628;1102;;;;;;
01/08/2021;4400483;63;0;0;21804;1020;;;;;;
01/07/2021;4400188;97;0;0;27466;1182;;;;;;
01/02/2021;4400043;69;0;0;22491;1049;;;;;;
01/04/2021;4400609;50;0;0;28010;1587;;;;;;
01/01/2021;4400202;86;0;0;29337;1973;;;;;;
01/09/2021;4400202;96;0;0;28529;1153;;;;;;
01/01/2021;4400200;51;0;0;26798;1909;;;;;;
01/09/2021;4400828;76;0;0;29154;1279;;;;;;
01/05/2021;4400429;50;0;0;24014;1196;;;;;;
01/06/2021;4400456;60;0;0;26647;1670;;;;;;
01/06/2021;4400133;86;0;0;21090;1827;;;;;;
01/09/2021;4400075;91;0;0;21609;1001;;;;;;
01/01/2021;4400552;88;0;0;27952;1274;;;;;;
01/05/2021;4400695;99;0;0;24412;1146;;;;;;
01/08/2021;4400536;96;0;0;29103;1457;;;;;;
01/04/2021;4400041;71;0;0;28641;1241;;;;;;
01/06/2021;4400304;86;0;0;22737;1879;;;;;;
01/01/2021;4400267;64;0;0;26471;1533;;;;;;
01/03/2021;4400761;82;0;0;23479;1113;;;;;;
01/08/2021;4400858;63;0;0;26579;1791;;;;;;
01/07/2021;4400601;71;0;0;24580;1535;;;;;;
01/02/2021;4400498;53;0;0;24482;1269;;;;;;
01/01/2021;4400121;98;0;0;22577;1271;;;;;;
01/02/2021;4400284;99;0;0;24708;1195;;;;;;
01/02/2021;4400148;91;0;0;26800;1392;;;;;;
01/07/2021;4400303;67;0;0;21439;1026;;;;;;
01/01/2021;4400112;73;0;0;22352;1241;;;;;;
01/08/2021;4400128;71;0;0;25570;1406;;;;;;
01/09/2021;4400846;97;0;0;23377;1104;;;;;;
01/07/2021;4400293;76;0;0;23522;1542;;;;;;
01/09/2021;4400177;86;0;0;25606;1892;;;;;;
01/02/2021;4400192;63;0;0;23143;1777;;;;;;
01/06/2021;4400688;50;0;0;22042;1713;;;;;;
01/02/2021;4400325;53;0;0;23849;1595;;;;;;
01/08/2021;4400181;86;0;0;21948;1812;;;;;;
01/08/2021;4400851;76;0;0;24189;1714;;;;;;
01/09/2021;4400380;72;0;0;23170;1311;;;;;;
01/01/2021;4400801;87;0;0;23964;1000;;;;;;
01/07/2021;4400421;76;0;0;29273;1108;;;;;;
01/03/2021;4400353;52;0;0;24661;1586;;;;;;
01/05/2021;4400221;58;0;0;27726;1585;;;;;;
01/03/2021;4400079;82;0;0;29149;1604;;;;;;
01/03/2021;4400663;76;0;0;28793;1204;;;;;;
01/09/2021;4400672;56;0;0;26793;1726;;;;;;
01/05/2021;4400489;63;0;0;29449;1159;;;;;;
01/02/2021;4400088;53;0;0;29244;1754;;;;;;
01/09/2021;4400207;52;0;0;27240;1366;;;;;;
01/07/2021;4400903;65;0;0;26938;1171;;;;;;
01/01/2021;4400287;65;0;0;26128;1520;;;;;;
01/09/2021;4400532;50;0;0;28858;1390;;;;;;
01/06/2021;4400355;80;0;0;26126;1486;;;;;;
01/07/2021;4400744;94;0;0;26142;1320;;;;;;
01/01/2021;4400547;64;0;0;21768;1224;;;;;;
01/01/2021;4400576;94;0;0;22666;1496;;;;;;
01/02/2021;4400430;73;0;0;21650;1427;;;;;;
01/09/2021;4400146;59;0;0;25952;1094;;;;;;
01/03/2021;4400244;95;0;0;21337;1950;;;;;;
01/07/2021;4400434;97;0;0;24301;1880;;;;;;
01/09/2021;4400287;60;0;0;25562;1234;;;;;;
01/06/2021;4400648;98;0;0;22918;1933;;;;;;
01/01/2021;4400135;52;0;0;22058;1083;;;;;;
01/06/2021;4400720;80;0;0;22105;1626;;;;;;
01/05/2021;4400010;85;0;0;23099;1350;;;;;;
01/08/2021;4400574;95;0;0;25499;1679;;;;;;
01/02/2021;4400773;83;0;0;26296;1822;;;;;;
01/09/2021;4400769;100;0;0;26483;1813;;;;;;
01/08/2021;4400678;82;0;0;22134;1810;;;;;;
01/02/2021;4400765;93;0;0;26792;1080;;;;;;
01/09/2021;4400842;51;0;0;21807;1832;;;;;;
01/07/2021;4400178;59;0;0;26634;1278;;;;;;
01/08/2021;4400309;65;0;0;23779;1382;;;;;;
01/09/2021;4400149;98;0;0;22760;1334;;;;;;
01/02/2021;4400523;52;0;0;26847;1696;;;;;;
01/03/2021;4400873;99;0;0;25613;1256;;;;;;
01/01/2021;4400888;54;0;0;26751;1002;;;;;;
01/07/2021;4400720;57;0;0;22449;1705;;;;;;
01/02/2021;4400819;65;0;0;26602;1708;;;;;;
01/09/2021;4400669;80;0;0;28628;1426;;;;;;
01/03/2021;4400128;63;0;0;29142;1848;;;;;;
01/05/2021;4400596;80;0;0;24782;1667;;;;;;
01/07/2021;4400900;57;0;0;24480;1990;;;;;;
01/01/2021;4400169;65;0;0;23368;1949;;;;;;
01/04/2021;4400613;97;0;0;26410;1747;;;;;;
01/08/2021;4400826;60;0;0;29338;1612;;;;;;
01/08/2021;4400306;74;0;0;24051;1723;;;;;;
01/07/2021;4400427;92;0;0;28724;1437;;;;;;
01/03/2021;4400871;70;0;0;21756;1200;;;;;;
01/05/2021;4400554;80;0;0;25207;1992;;;;;;
01/01/2021;4400064;100;0;0;25045;1623;;;;;;
01/02/2021;4400802;70;0;0;28992;1972;;;;;;
01/09/2021;4400076;80;0;0;25276;1328;;;;;;
01/01/2021;4400130;58;0;0;29062;1414;;;;;;
01/01/2021;4400006;85;0;0;23186;1303;;;;;;
01/03/2021;4400249;85;0;0;27989;1838;;;;;;
01/05/2021;4400791;53;0;0;21071;1732;;;;;;
01/01/2021;4400881;77;0;0;26066;1251;;;;;;
01/09/2021;4400433;87;0;0;28497;1179;;;;;;
01/03/2021;4400230;50;0;0;25728;1133;;;;;;
01/01/2021;4400500;81;0;0;21429;1770;;;;;;
01/02/2021;4400517;80;0;0;23235;1134;;;;;;
01/02/2021;4400459;79;0;0;21943;1338;;;;;;
01/04/2021;4400427;64;0;0;25726;1878;;;;;;
01/07/2021;4400510;57;0;0;24797;1412;;;;;;
01/07/2021;4400451;57;0;0;28173;1338;;;;;;
01/07/2021;4400150;56;0;0;26714;1426;;;;;;
01/09/2021;4400292;97;0;0;25084;1970;;;;;;
01/08/2021;4400376;74;0;0;25700;1138;;;;;;
01/02/2021;4400005;95;0;0;26735;1406;;;;;;
01/08/2021;4400344;84;0;0;23493;1287;;;;;;
01/09/2021;4400867;53;0;0;22397;1289;;;;;;
01/09/2021;4400192;63;0;0;21014;1421;;;;;;
01/04/2021;4400589;94;0;0;22090;1707;;;;;;
01/02/2021;4400537;88;0;0;25601;1446;;;;;;
01/06/2021;4400539;81;0;0;25761;1489;;;;;;
01/06/2021;4400232;56;0;0;24339;1044;;;;;;
01/05/2021;4400384;71;0;0;25252;1685;;;;;;
01/02/2021;4400874;86;0;0;24905;1694;;;;;;
01/06/2021;4400709;83;0;0;28896;1350;;;;;;
01/09/2021;4400561;78;0;0;25743;1425;;;;;;
01/09/2021;4400655;88;0;0;21641;1823;;;;;;
01/08/2021;4400059;56;0;0;23620;1749;;;;;;
01/05/2021;4400810;81;0;0;24088;1976;;;;;;
01/01/2021;4400716;97;0;0;23294;1446;;;;;;
01/05/2021;4400082;61;0;0;27697;1300;;;;;;
01/03/2021;4400576;80;0;0;23229;1689;;;;;;
01/01/2021;4400347;73;0;0;28675;1833;;;;;;
01/03/2021;4400911;98;0;0;26600;1990;;;;;;
01/06/2021;4400678;88;0;0;21250;1806;;;;;;
01/05/2021;4400204;57;0;0;22444;1740;;;;;;
01/03/2021;4400317;92;0;0;23261;1494;;;;;;
01/03/2021;4400633;87;0;0;21826;1497;;;;;;
01/01/2021;4400563;68;0;0;28220;1597;;;;;;
01/02/2021;4400482;62;0;0;22130;1385;;;;;;
01/02/2021;4400398;74;0;0;24401;1659;;;;;;
01/01/2021;4400459;71;0;0;27142;1480;;;;;;
01/02/2021;4400113;82;0;0;28919;1669;;;;;;
01/02/2021;4400539;89;0;0;23866;1631;;;;;;
01/08/2021;4400780;91;0;0;25513;1773;;;;;;
01/05/2021;4400418;61;0;0;28797;1258;;;;;;
01/02/2021;4400736;74;0;0;25292;1526;;;;;;
01/05/2021;4400017;59;0;0;27067;1607;;;;;;
01/02/2021;4400498;86;0;0;28558;1251;;;;;;
01/09/2021;4400107;86;0;0;22485;1247;;;;;;
01/07/2021;4400524;86;0;0;22338;1554;;;;;;
01/09/2021;4400295;54;0;0;28920;1397;;;;;;
01/04/2021;4400176;72;0;0;26118;1074;;;;;;
01/07/2021;4400722;97;0;0;26649;1673;;;;;;
01/05/2021;4400606;76;0;0;27215;1245;;;;;;
01/06/2021;4400129;64;0;0;25089;1715;;;;;;
01/05/2021;4400656;64;0;0;23210;1525;;;;;;
01/06/2021;4400023;98;0;0;27682;1705;;;;;;
01/06/2021;4400421;77;0;0;27659;1284;;;;;;
01/02/2021;4400176;100;0;0;27747;1489;;;;;;
01/02/2021;4400809;84;0;0;22375;1422;;;;;;
01/07/2021;4400570;95;0;0;27481;1547;;;;;;
01/02/2021;4400577;57;0;0;24175;1909;;;;;;
01/01/2021;4400316;53;0;0;28241;1396;;;;;;
01/03/2021;4400209;75;0;0;22104;1123;;;;;;
01/01/2021;4400422;98;0;0;27805;1294;;;;;;
01/04/2021;4400117;77;0;0;27477;1060;;;;;;
01/04/2021;4400787;98;0;0;22772;1758;;;;;;
01/06/2021;4400613;65;0;0;27378;1781;;;;;;
01/08/2021;4400059;76;0;0;25559;1496;;;;;;
01/02/2021;4400872;96;0;0;28113;1193;;;;;;
01/06/2021;4400467;74;0;0;26040;1440;;;;;;
01/06/2021;4400598;66;0;0;28343;1780;;;;;;
01/02/2021;4400003;82;0;0;23804;1525;;;;;;
01/03/2021;4400180;85;0;0;27948;1817;;;;;;
01/01/2021;4400263;95;0;0;21682;1446;;;;;;
01/01/2021;4400857;100;0;0;25668;1975;;;;;;
01/02/2021;4400596;60;0;0;27716;1726;;;;;;
01/01/2021;4400371;80;0;0;21178;1934;;;;;;
01/03/2021;4400543;66;0;0;23364;1114;;;;;;
01/07/2021;4400694;97;0;0;23984;1809;;;;;;
01/06/2021;4400840;86;0;0;27294;1277;;;;;;
01/05/2021;4400684;58;0;0;21379;1058;;;;;;
01/09/2021;4400672;62;0;0;27728;1765;;;;;;
01/04/2021;4400597;84;0;0;23696;1774;;;;;;
01/09/2021;4400843;94;0;0;27261;1979;;;;;;
01/02/2021;4400302;76;0;0;25922;1935;;;;;;
01/05/2021;4400165;100;0;0;22864;1228;;;;;;
01/04/2021;4400717;71;0;0;26347;1755;;;;;;
01/03/2021;4400823;89;0;0;23332;1350;;;;;;
01/03/2021;4400516;94;0;0;24150;1110;;;;;;
01/07/2021;4400527;80;0;0;26477;1196;;;;;;
01/02/2021;4400285;62;0;0;26420;1325;;;;;;
01/09/2021;4400761;74;0;0;26147;1960;;;;;;
01/03/2021;4400750;96;0;0;27840;1589;;;;;;
01/06/2021;4400421;93;0;0;24346;1027;;;;;;
01/03/2021;4400211;75;0;0;21581;1588;;;;;;
01/08/2021;4400119;93;0;0;21229;1344;;;;;;
01/01/2021;4400276;67;0;0;26165;1624;;;;;;
01/09/2021;4400713;80;0;0;28981;1841;;;;;;
01/08/2021;4400554;53;0;0;28129;1076;;;;;;
01/02/2021;4400574;71;0;0;24106;1496;;;;;;
01/07/2021;4400878;80;0;0;24921;1954;;;;;;
01/03/2021;4400317;79;0;0;25998;1442;;;;;;
01/03/2021;4400236;55;0;0;24221;1582;;;;;;
01/01/2021;4400885;83;0;0;27823;1845;;;;;;
01/01/2021;4400855;82;0;0;26785;1826;;;;;;
01/08/2021;4400125;53;0;0;21116;1803;;;;;;
01/06/2021;4400863;96;0;0;26057;1730;;;;;;
01/08/2021;4400812;50;0;0;25506;1693;;;;;;
01/05/2021;4400509;53;0;0;22783;1949;;;;;;
01/05/2021;4400867;70;0;0;29209;1066;;;;;;
01/02/2021;4400094;92;0;0;23924;1524;;;;;;
01/03/2021;4400153;93;0;0;27417;1477;;;;;;
01/08/2021;4400238;50;0;0;23529;1982;;;;;;
01/06/2021;4400338;64;0;0;28595;1809;;;;;;
01/08/2021;4400283;83;0;0;27329;1037;;;;;;
01/05/2021;4400757;96;0;0;26016;1889;;;;;;
01/04/2021;4400727;75;0;0;27725;1804;;;;;;
01/05/2021;4400828;81;0;0;22607;1756;;;;;;
01/09/2021;4400024;98;0;0;25222;1456;;;;;;
01/02/2021;4400185;57;0;0;24048;1615;;;;;;
01/03/2021;4400642;87;0;0;28567;1756;;;;;;
01/05/2021;4400626;51;0;0;26374;1403;;;;;;
01/06/2021;4400727;66;0;0;26101;1221;;;;;;
01/05/2021;4400071;74;0;0;23891;1370;;;;;;
01/09/2021;4400669;51;0;0;22830;1993;;;;;;
01/06/2021;4400751;95;0;0;25539;1666;;;;;;
01/09/2021;4400820;55;0;0;22439;1484;;;;;;
01/08/2021;4400140;55;0;0;21315;1244;;;;;;
01/03/2021;4400501;77;0;0;27411;1287;;;;;;
01/01/2021;4400738;79;0;0;24720;1572;;;;;;
01/07/2021;4400221;74;0;0;21436;1698;;;;;;
01/07/2021;4400441;97;0;0;28997;1297;;;;;;
01/06/2021;4400084;92;0;0;23650;1458;;;;;;
01/02/2021;4400706;68;0;0;25245;1894;;;;;;
01/08/2021;4400907;61;0;0;27780;1691;;;;;;
01/04/2021;4400692;79;0;0;23708;1509;;;;;;
01/02/2021;4400667;82;0;0;23182;1536;;;;;;
01/07/2021;4400104;64;0;0;25915;1044;;;;;;
01/05/2021;4400418;84;0;0;26429;1641;;;;;;
01/05/2021;4400571;58;0;0;25815;1871;;;;;;
01/01/2021;4400311;87;0;0;25628;1458;;;;;;
01/07/2021;4400851;67;0;0;28861;1312;;;;;;
01/07/2021;4400558;63;0;0;22648;1797;;;;;;
01/09/2021;4400399;78;0;0;27417;1703;;;;;;
01/05/2021;4400098;68;0;0;23096;1474;;;;;;
01/05/2021;4400523;62;0;0;23187;1777;;;;;;
01/06/2021;4400475;68;0;0;25126;1564;;;;;;
01/03/2021;4400662;97;0;0;26586;1599;;;;;;
01/07/2021;4400237;59;0;0;29049;1727;;;;;;
01/03/2021;4400332;56;0;0;26979;1194;;;;;;
01/01/2021;4400606;55;0;0;23037;1197;;;;;;
01/06/2021;4400359;98;0;0;26230;1230;;;;;;
01/06/2021;4400364;68;0;0;29458;1680;;;;;;
01/08/2021;4400712;94;0;0;24550;1686;;;;;;
01/05/2021;4400894;63;0;0;23475;1790;;;;;;
01/02/2021;4400044;67;0;0;24441;1570;;;;;;
01/09/2021;4400462;61;0;0;24216;1594;;;;;;
01/06/2021;4400868;65;0;0;25063;1995;;;;;;
01/05/2021;4400088;66;0;0;21798;1985;;;;;;
01/09/2021;4400583;90;0;0;25497;1041;;;;;;
01/06/2021;4400102;67;0;0;26449;1287;;;;;;
01/06/2021;4400682;79;0;0;28531;1193;;;;;;
01/05/2021;4400588;69;0;0;25910;1781;;;;;;
01/08/2021;4400643;73;0;0;23483;1594;;;;;;
01/03/2021;4400653;63;0;0;21120;1575;;;;;;
01/05/2021;4400486;65;0;0;23521;1675;;;;;;
01/03/2021;4400319;73;0;0;25744;1863;;;;;;
01/08/2021;4400599;62;0;0;24417;1924;;;;;;
01/08/2021;4400823;60;0;0;22635;1466;;;;;;
01/02/2021;4400150;92;0;0;26738;1861;;;;;;
01/09/2021;4400735;73;0;0;25528;1034;;;;;;
01/08/2021;4400321;55;0;0;26959;1640;;;;;;
01/07/2021;4400382;80;0;0;24710;1275;;;;;;
01/09/2021;4400561;65;0;0;21331;1489;;;;;;
01/07/2021;4400888;59;0;0;25600;1181;;;;;;
01/05/2021;4400606;97;0;0;29241;1911;;;;;;
01/03/2021;4400401;86;0;0;21228;1948;;;;;;
01/07/2021;4400312;80;0;0;22772;1853;;;;;;
01/06/2021;4400568;89;0;0;26909;1624;;;;;;
01/04/2021;4400399;93;0;0;25803;1579;;;;;;
01/03/2021;4400306;65;0;0;24266;1477;;;;;;
01/06/2021;4400072;88;0;0;23282;1332;;;;;;
01/04/2021;4400321;96;0;0;22389;1585;;;;;;
01/06/2021;4400323;54;0;0;21293;1140;;;;;;
01/01/2021;4400554;71;0;0;22321;1581;;;;;;
01/04/2021;4400755;93;0;0;23410;1873;;;;;;
01/06/2021;4400308;86;0;0;24484;1267;;;;;;
01/04/2021;4400803;53;0;0;22569;1741;;;;;;
01/08/2021;4400618;79;0;0;21449;1724;;;;;;
01/03/2021;4400726;79;0;0;21508;1025;;;;;;
01/04/2021;4400631;69;0;0;26356;1076;;;;;;
01/06/2021;4400696;75;0;0;25560;1245;;;;;;
01/04/2021;4400101;82;0;0;24570;1331;;;;;;
01/05/2021;4400687;81;0;0;23658;1654;;;;;;
01/05/2021;4400443;70;0;0;24326;1879;;;;;;
01/05/2021;4400065;63;0;0;22648;1190;;;;;;
01/07/2021;4400514;63;0;0;23170;1268;;;;;;
01/03/2021;4400856;56;0;0;28144;1244;;;;;;
01/06/2021;4400216;74;0;0;21620;1346;;;;;;
01/08/2021;4400813;100;0;0;21941;1133;;;;;;
01/05/2021;4400647;66;0;0;21271;1736;;;;;;
01/03/2021;4400135;84;0;0;25833;1499;;;;;;
01/09/2021;4400841;96;0;0;24495;1029;;;;;;
01/06/2021;4400228;95;0;0;23167;1578;;;;;;
01/08/2021;4400343;94;0;0;28610;1006;;;;;;
01/05/2021;4400258;69;0;0;27802;1103;;;;;;
01/04/2021;4400224;72;0;0;21785;1011;;;;;;
01/01/2021;4400454;90;0;0;25742;1314;;;;;;
01/09/2021;4400180;65;0;0;27000;1450;;;;;;
01/09/2021;4400158;63;0;0;26862;1049;;;;;;
01/01/2021;4400692;52;0;0;25687;1953;;;;;;
01/06/2021;4400438;96;0;0;24518;1010;;;;;;
01/09/2021;4400574;65;0;0;21176;1608;;;;;;
01/02/2021;4400014;91;0;0;27095;1441;;;;;;
01/08/2021;4400386;61;0;0;21962;1991;;;;;;
01/02/2021;4400123;88;0;0;22133;1467;;;;;;
01/07/2021;4400145;62;0;0;21488;1593;;;;;;
01/03/2021;4400157;78;0;0;21944;1632;;;;;;
01/04/2021;4400025;55;0;0;25605;1679;;;;;;
01/01/2021;4400749;65;0;0;26831;1957;;;;;;
01/06/2021;4400102;58;0;0;23991;1983;;;;;;
01/09/2021;4400418;84;0;0;27937;1854;;;;;;
01/09/2021;4400292;92;0;0;28247;1775;;;;;;
01/09/2021;4400305;90;0;0;29080;1280;;;;;;
01/07/2021;4400546;61;0;0;24860;1585;;;;;;
01/02/2021;4400664;55;0;0;23229;1342;;;;;;
01/04/2021;4400824;60;0;0;24289;1111;;;;;;
01/01/2021;4400558;60;0;0;24364;1583;;;;;;
01/07/2021;4400756;67;0;0;21083;1242;;;;;;
01/01/2021;4400405;97;0;0;24238;1161;;;;;;
01/06/2021;4400028;77;0;0;28397;1415;;;;;;
01/04/2021;4400666;88;0;0;22299;1221;;;;;;
01/04/2021;4400857;80;0;0;26701;1488;;;;;;
01/05/2021;4400905;59;0;0;25111;1236;;;;;;
01/07/2021;4400536;74;0;0;24115;1972;;;;;;
01/05/2021;4400686;90;0;0;22189;1340;;;;;;
01/09/2021;4400277;100;0;0;28683;1245;;;;;;
01/02/2021;4400011;96;0;0;24610;1304;;;;;;
01/04/2021;4400813;54;0;0;21751;1804;;;;;;
01/03/2021;4400318;97;0;0;28593;1620;;;;;;
01/03/2021;4400453;59;0;0;23280;1346;;;;;;
01/04/2021;4400531;70;0;0;25603;1906;;;;;;
01/07/2021;4400156;57;0;0;25388;1424;;;;;;
01/07/2021;4400896;88;0;0;26239;1954;;;;;;
01/06/2021;4400220;62;0;0;23570;1628;;;;;;
01/01/2021;4400349;79;0;0;24236;1895;;;;;;
01/08/2021;4400769;72;0;0;26695;1740;;;;;;
01/02/2021;4400170;64;0;0;25583;1362;;;;;;
01/04/2021;4400796;89;0;0;22232;1638;;;;;;
01/02/2021;4400289;84;0;0;28222;1566;;;;;;
01/09/2021;4400352;58;0;0;29114;1148;;;;;;
01/01/2021;4400329;89;0;0;21993;1677;;;;;;
01/02/2021;4400389;70;0;0;27305;1368;;;;;;
01/06/2021;4400169;81;0;0;25554;1453;;;;;;
01/03/2021;4400520;52;0;0;27821;1809;;;;;;
01/03/2021;4400166;57;0;0;26591;1530;;;;;;
01/07/2021;4400025;84;0;0;28712;1002;;;;;;
01/03/2021;4400551;100;0;0;23857;1851;;;;;;
01/02/2021;4400416;92;0;0;23943;1822;;;;;;
01/04/2021;4400739;78;0;0;23643;1705;;;;;;
01/01/2021;4400630;94;0;0;26218;1388;;;;;;
01/05/2021;4400853;62;0;0;27365;1534;;;;;;
01/06/2021;4400496;86;0;0;23314;1124;;;;;;
01/01/2021;4400347;90;0;0;28646;1877;;;;;;
01/07/2021;4400178;73;0;0;24299;1796;;;;;;
01/05/2021;4400681;77;0;0;28506;1095;;;;;;
01/02/2021;4400372;72;0;0;29107;1342;;;;;;
01/09/2021;4400806;66;0;0;24014;1626;;;;;;
01/08/2021;4400749;87;0;0;26087;1005;;;;;;
01/03/2021;4400907;57;0;0;25928;1291;;;;;;
01/02/2021;4400021;82;0;0;25796;1879;;;;;;
01/06/2021;4400287;76;0;0;29008;1786;;;;;;
01/01/2021;4400034;70;0;0;24898;1970;;;;;;
01/03/2021;4400550;60;0;0;21298;1924;;;;;;
01/02/2021;4400001;92;0;0;25183;1181;;;;;;
01/09/2021;4400878;59;0;0;23000;1644;;;;;;
01/03/2021;4400729;66;0;0;24224;1696;;;;;;
01/09/2021;4400277;76;0;0;29504;1185;;;;;;
01/02/2021;4400057;76;0;0;22557;1589;;;;;;
01/06/2021;4400305;69;0;0;27726;1191;;;;;;
01/01/2021;4400270;67;0;0;22198;1976;;;;;;
01/05/2021;4400273;87;0;0;25217;1455;;;;;;
01/03/2021;4400075;58;0;0;28331;1697;;;;;;
01/05/2021;4400436;65;0;0;22680;1246;;;;;;
01/02/2021;4400584;74;0;0;23153;1335;;;;;;
01/04/2021;4400469;82;0;0;28866;1382;;;;;;
01/02/2021;4400757;59;0;0;27535;1879;;;;;;
01/02/2021;4400686;65;0;0;28301;1057;;;;;;
01/07/2021;4400326;84;0;0;25507;1882;;;;;;
01/02/2021;4400767;68;0;0;27980;1243;;;;;;
01/07/2021;4400608;56;0;0;23933;1544;;;;;;
01/01/2021;4400657;100;0;0;26716;1193;;;;;;
01/03/2021;4400370;74;0;0;25743;1365;;;;;;
01/08/2021;4400798;99;0;0;25424;1454;;;;;;
01/07/2021;4400462;64;0;0;21647;1125;;;;;;
01/05/2021;4400253;62;0;0;22442;1869;;;;;;
01/08/2021;4400338;71;0;0;28233;1521;;;;;;
01/05/2021;4400775;91;0;0;24593;1045;;;;;;
01/09/2021;4400480;69;0;0;28795;1430;;;;;;
01/03/2021;4400768;58;0;0;21372;1709;;;;;;
01/04/2021;4400108;92;0;0;21261;1041;;;;;;
01/06/2021;4400661;86;0;0;28286;1285;;;;;;
01/07/2021;4400292;93;0;0;28947;1651;;;;;;
01/09/2021;4400652;85;0;0;27910;1800;;;;;;
01/07/2021;4400736;84;0;0;24005;1523;;;;;;
01/07/2021;4400630;81;0;0;26459;1814;;;;;;
01/06/2021;4400027;72;0;0;23281;1199;;;;;;
01/05/2021;4400382;55;0;0;24475;1771;;;;;;
01/02/2021;4400467;65;0;0;24155;1766;;;;;;
01/03/2021;4400331;81;0;0;22638;1963;;;;;;
01/01/2021;4400066;65;0;0;26855;1633;;;;;;
01/07/2021;4400489;80;0;0;25304;1334;;;;;;
01/01/2021;4400880;75;0;0;28352;1023;;;;;;
01/09/2021;4400882;93;0;0;25607;1556;;;;;;
01/06/2021;4400094;62;0;0;21126;1572;;;;;;
01/09/2021;4400831;58;0;0;22927;1778;;;;;;
01/08/2021;4400205;76;0;0;24154;1028;;;;;;
01/07/2021;4400175;63;0;0;27268;1647;;;;;;
01/06/2021;4400603;56;0;0;28350;1996;;;;;;
01/09/2021;4400595;55;0;0;26034;1074;;;;;;
01/01/2021;4400658;97;0;0;25051;1862;;;;;;
01/08/2021;4400352;60;0;0;27748;1814;;;;;;
01/07/2021;4400204;51;0;0;26322;1386;;;;;;
01/02/2021;4400909;86;0;0;26255;1847;;;;;;
01/03/2021;4400277;55;0;0;28260;1972;;;;;;
01/01/2021;4400826;69;0;0;28050;1192;;;;;;
01/07/2021;4400570;83;0;0;29234;1908;;;;;;
01/09/2021;4400500;82;0;0;24139;1370;;;;;;
01/07/2021;4400731;56;0;0;24124;1809;;;;;;
01/03/2021;4400359;73;0;0;22401;1572;;;;;;
01/05/2021;4400057;55;0;0;21455;1059;;;;;;
01/02/2021;4400831;54;0;0;22302;1667;;;;;;
01/06/2021;4400286;67;0;0;26234;1261;;;;;;
01/05/2021;4400711;91;0;0;28334;1400;;;;;;
01/06/2021;4400617;87;0;0;25841;1027;;;;;;
01/08/2021;4400510;90;0;0;28119;1264;;;;;;
01/03/2021;4400822;60;0;0;26500;1807;;;;;;
01/05/2021;4400780;64;0;0;27066;1204;;;;;;
01/09/2021;4400172;94;0;0;26755;1939;;;;;;
01/02/2021;4400036;95;0;0;21941;1907;;;;;;
01/07/2021;4400027;89;0;0;24934;1231;;;;;;
01/03/2021;4400555;71;0;0;22083;1539;;;;;;
01/02/2021;4400287;58;0;0;29074;1024;;;;;;
01/09/2021;4400616;85;0;0;28894;1678;;;;;;
01/01/2021;4400767;95;0;0;21690;1785;;;;;;
01/09/2021;4400856;60;0;0;24586;1408;;;;;;
01/04/2021;4400612;54;0;0;25359;1177;;;;;;
01/04/2021;4400202;51;0;0;27112;1239;;;;;;
01/06/2021;4400360;81;0;0;29324;1474;;;;;;
01/01/2021;4400845;88;0;0;24553;1613;;;;;;
01/06/2021;4400728;55;0;0;21906;1911;;;;;;
01/07/2021;4400528;53;0;0;23964;1470;;;;;;
01/08/2021;4400041;95;0;0;22121;1974;;;;;;
01/07/2021;4400661;66;0;0;21690;1255;;;;;;
01/09/2021;4400425;87;0;0;27509;1391;;;;;;
01/04/2021;4400060;57;0;0;27390;1211;;;;;;
01/02/2021;4400476;80;0;0;23647;1466;;;;;;
01/08/2021;4400021;50;0;0;25249;1596;;;;;;
01/02/2021;4400063;85;0;0;24767;1310;;;;;;
01/03/2021;4400184;52;0;0;24536;1472;;;;;;
01/01/2021;4400097;89;0;0;21031;1600;;;;;;
01/05/2021;4400598;85;0;0;26162;1591;;;;;;
01/09/2021;4400201;85;0;0;24521;1767;;;;;;
01/08/2021;4400691;69;0;0;21364;1012;;;;;;
01/04/2021;4400746;74;0;0;25912;1917;;;;;;
01/07/2021;4400549;69;0;0;23019;1598;;;;;;
01/07/2021;4400305;51;0;0;21292;1566;;;;;;
01/07/2021;4400504;95;0;0;29149;1911;;;;;;
01/08/2021;4400490;99;0;0;23449;1822;;;;;;
01/01/2021;4400734;99;0;0;27458;1731;;;;;;
01/07/2021;4400453;68;0;0;21344;1719;;;;;;
01/04/2021;4400893;95;0;0;21634;2000;;;;;;
01/09/2021;4400677;95;0;0;24249;1617;;;;;;
01/04/2021;4400670;93;0;0;27148;1285;;;;;;
01/07/2021;4400364;95;0;0;26320;1747;;;;;;
01/09/2021;4400192;87;0;0;26092;1008;;;;;;
01/09/2021;4400582;67;0;0;25542;1452;;;;;;
01/02/2021;4400254;77;0;0;27254;1586;;;;;;
01/04/2021;4400326;51;0;0;22264;1204;;;;;;
01/09/2021;4400317;99;0;0;23765;1017;;;;;;
01/03/2021;4400511;78;0;0;22200;1063;;;;;;
01/09/2021;4400014;99;0;0;25034;1522;;;;;;
01/05/2021;4400412;52;0;0;23715;1079;;;;;;
01/01/2021;4400315;97;0;0;22658;1482;;;;;;
01/01/2021;4400511;86;0;0;23668;1412;;;;;;
01/02/2021;4400697;53;0;0;22053;1154;;;;;;
01/07/2021;4400733;57;0;0;22460;1702;;;;;;
01/04/2021;4400057;51;0;0;21072;1208;;;;;;
01/03/2021;4400032;63;0;0;27933;1321;;;;;;
01/07/2021;4400276;57;0;0;27344;1096;;;;;;
01/02/2021;4400571;55;0;0;26527;1221;;;;;;
01/03/2021;4400397;87;0;0;25305;1753;;;;;;
01/02/2021;4400405;92;0;0;27468;1637;;;;;;
01/04/2021;4400513;94;0;0;25412;1482;;;;;;
01/09/2021;4400262;97;0;0;24117;1633;;;;;;
01/08/2021;4400907;90;0;0;28561;1263;;;;;;
01/06/2021;4400084;92;0;0;24520;1534;;;;;;
01/02/2021;4400771;85;0;0;22038;1759;;;;;;
01/08/2021;4400180;94;0;0;22132;1583;;;;;;
01/02/2021;4400004;53;0;0;26764;1354;;;;;;
01/08/2021;4400084;63;0;0;24362;1986;;;;;;
01/06/2021;4400480;63;0;0;25915;1764;;;;;;
01/03/2021;4400760;75;0;0;22395;1538;;;;;;
01/09/2021;4400911;56;0;0;21973;1345;;;;;;
01/02/2021;4400709;73;0;0;24719;1187;;;;;;
01/01/2021;4400759;56;0;0;25976;1965;;;;;;
01/08/2021;4400002;53;0;0;27118;1607;;;;;;
01/03/2021;4400520;82;0;0;23383;1123;;;;;;
01/04/2021;4400128;64;0;0;21760;1120;;;;;;
01/07/2021;4400016;61;0;0;28520;1522;;;;;;
01/09/2021;4400809;67;0;0;28129;1676;;;;;;
01/02/2021;4400291;89;0;0;22278;1497;;;;;;
01/04/2021;4400834;82;0;0;27830;1882;;;;;;
01/09/2021;4400274;91;0;0;23984;1574;;;;;;
01/03/2021;4400185;66;0;0;22312;1533;;;;;;
01/05/2021;4400345;94;0;0;22612;1034;;;;;;
01/08/2021;4400241;63;0;0;24262;1630;;;;;;
01/01/2021;4400809;80;0;0;22139;1927;;;;;;
01/04/2021;4400013;59;0;0;26199;1195;;;;;;
01/05/2021;4400670;57;0;0;21243;1450;;;;;;
01/04/2021;4400256;50;0;0;24776;1390;;;;;;
01/09/2021;4400210;64;0;0;25286;1903;;;;;;
01/01/2021;4400102;55;0;0;28170;1968;;;;;;
01/04/2021;4400674;72;0;0;24300;1374;;;;;;
01/04/2021;4400307;97;0;0;29419;1747;;;;;;
01/01/2021;4400324;97;0;0;23198;1515;;;;;;
01/09/2021;4400668;81;0;0;27359;1536;;;;;;
01/04/2021;4400821;98;0;0;21886;1559;;;;;;
01/02/2021;4400512;82;0;0;23613;1691;;;;;;
01/02/2021;4400497;76;0;0;27678;1839;;;;;;
01/04/2021;4400120;59;0;0;23909;1116;;;;;;
01/09/2021;4400767;50;0;0;27582;1194;;;;;;
01/04/2021;4400288;91;0;0;28029;1741;;;;;;
01/08/2021;4400022;62;0;0;24677;1238;;;;;;
01/05/2021;4400092;71;0;0;28487;1797;;;;;;
01/05/2021;4400742;55;0;0;25230;1268;;;;;;
01/02/2021;4400067;51;0;0;21010;1862;;;;;;
01/04/2021;4400442;58;0;0;25395;1201;;;;;;
01/02/2021;4400199;96;0;0;26940;1965;;;;;;
01/07/2021;4400476;96;0;0;24414;1708;;;;;;
01/08/2021;4400544;66;0;0;24463;1873;;;;;;
01/08/2021;4400786;52;0;0;23430;1142;;;;;;
01/09/2021;4400216;58;0;0;23614;1770;;;;;;
01/02/2021;4400448;85;0;0;27641;1148;;;;;;
01/02/2021;4400623;50;0;0;22210;1872;;;;;;
01/07/2021;4400691;86;0;0;26296;1412;;;;;;
01/09/2021;4400719;96;0;0;24864;1140;;;;;;
01/01/2021;4400591;58;0;0;26098;1320;;;;;;
01/06/2021;4400315;68;0;0;27068;1845;;;;;;
01/06/2021;4400006;67;0;0;23629;1397;;;;;;
01/02/2021;4400002;60;0;0;28257;1627;;;;;;
01/06/2021;4400236;96;0;0;23173;1826;;;;;;
01/01/2021;4400605;93;0;0;28441;1017;;;;;;
01/04/2021;4400346;100;0;0;28535;1377;;;;;;
01/06/2021;4400031;82;0;0;25265;1922;;;;;;
01/01/2021;4400709;98;0;0;27914;1892;;;;;;
01/09/2021;4400426;71;0;0;25268;1983;;;;;;
01/09/2021;4400217;82;0;0;21455;1222;;;;;;
01/08/2021;4400337;80;0;0;28495;1285;;;;;;
01/02/2021;4400015;82;0;0;21941;1731;;;;;;
01/06/2021;4400640;63;0;0;26650;1977;;;;;;
01/04/2021;4400735;61;0;0;21495;1064;;;;;;
01/01/2021;4400470;92;0;0;23874;1585;;;;;;
01/01/2021;4400070;58;0;0;27046;1030;;;;;;
01/08/2021;4400483;85;0;0;21131;1954;;;;;;
01/07/2021;4400530;79;0;0;24936;1154;;;;;;
01/05/2021;4400704;89;0;0;25942;1295;;;;;;
01/01/2021;4400582;67;0;0;25568;1232;;;;;;
01/07/2021;4400764;92;0;0;21147;1074;;;;;;
01/05/2021;4400888;61;0;0;23826;1409;;;;;;
01/09/2021;4400574;97;0;0;25292;1029;;;;;;
01/05/2021;4400273;91;0;0;23208;1578;;;;;;
01/03/2021;4400788;83;0;0;21807;1939;;;;;;
01/05/2021;4400297;57;0;0;25658;1817;;;;;;
01/03/2021;4400762;66;0;0;23797;1655;;;;;;
01/06/2021;4400605;76;0;0;23553;1005;;;;;;
01/02/2021;4400268;56;0;0;26948;1256;;;;;;
01/05/2021;4400069;75;0;0;22475;1537;;;;;;
01/07/2021;4400356;84;0;0;21452;1999;;;;;;
01/09/2021;4400879;96;0;0;27001;1980;;;;;;
01/05/2021;4400444;91;0;0;26424;1603;;;;;;
01/03/2021;4400557;62;0;0;27106;1329;;;;;;
01/02/2021;4400024;76;0;0;28219;1611;;;;;;
01/04/2021;4400163;86;0;0;25226;1224;;;;;;
01/04/2021;4400245;67;0;0;24368;1594;;;;;;
01/03/2021;4400595;56;0;0;22988;1183;;;;;;
01/03/2021;4400117;63;0;0;25820;1272;;;;;;
01/06/2021;4400110;56;0;0;28028;1019;;;;;;
01/06/2021;4400495;75;0;0;22015;1725;;;;;;
01/03/2021;4400261;61;0;0;23006;1023;;;;;;
01/09/2021;4400553;84;0;0;21210;1990;;;;;;
01/07/2021;4400841;70;0;0;27744;1301;;;;;;
01/05/2021;4400670;80;0;0;22856;1735;;;;;;
01/09/2021;4400441;58;0;0;29466;1161;;;;;;
01/02/2021;4400311;100;0;0;21087;1699;;;;;;
01/07/2021;4400339;81;0;0;28814;1591;;;;;;
01/01/2021;4400316;83;0;0;24030;1556;;;;;;
01/06/2021;4400579;53;0;0;25266;1166;;;;;;
01/01/2021;4400557;97;0;0;23634;1263;;;;;;
01/06/2021;4400806;83;0;0;28881;1647;;;;;;
01/03/2021;4400866;58;0;0;29001;1533;;;;;;
01/02/2021;4400185;64;0;0;24948;1892;;;;;;
01/04/2021;4400112;84;0;0;24524;1144;;;;;;
01/09/2021;4400767;98;0;0;28753;1023;;;;;;
01/01/2021;4400338;79;0;0;25938;1042;;;;;;
01/04/2021;4400200;80;0;0;22038;1984;;;;;;
01/03/2021;4400260;50;0;0;24395;1419;;;;;;
01/03/2021;4400829;72;0;0;25963;1597;;;;;;
01/09/2021;4400204;93;0;0;24007;1836;;;;;;
01/04/2021;4400790;66;0;0;26382;1192;;;;;;
01/06/2021;4400315;83;0;0;25568;1869;;;;;;
01/05/2021;4400628;63;0;0;24725;1316;;;;;;
01/04/2021;4400092;96;0;0;22951;1071;;;;;;
01/07/2021;4400139;66;0;0;22724;1873;;;;;;
01/04/2021;4400438;76;0;0;27666;1223;;;;;;
01/08/2021;4400891;88;0;0;22557;1626;;;;;;
01/06/2021;4400242;86;0;0;24137;1801;;;;;;
01/06/2021;4400842;79;0;0;28396;1643;;;;;;
01/08/2021;4400852;82;0;0;29515;1409;;;;;;
01/02/2021;4400302;53;0;0;24929;1545;;;;;;
01/07/2021;4400037;85;0;0;23745;1766;;;;;;
01/01/2021;4400587;58;0;0;27325;1614;;;;;;
01/01/2021;4400766;51;0;0;23248;1464;;;;;;
01/02/2021;4400023;70;0;0;23857;1168;;;;;;
01/03/2021;4400282;99;0;0;25729;1062;;;;;;
01/01/2021;4400716;51;0;0;25383;1414;;;;;;
01/05/2021;4400216;53;0;0;26156;1096;;;;;;
01/06/2021;4400169;51;0;0;29354;1014;;;;;;
01/07/2021;4400290;50;0;0;21236;1062;;;;;;
01/05/2021;4400739;95;0;0;26506;1939;;;;;;
01/05/2021;4400191;66;0;0;28957;1436;;;;;;
01/06/2021;4400132;90;0;0;26604;1228;;;;;;
01/08/2021;4400753;88;0;0;26575;1218;;;;;;
01/05/2021;4400742;67;0;0;22705;1632;;;;;;
01/04/2021;4400434;96;0;0;24390;1190;;;;;;
01/06/2021;4400733;57;0;0;21917;1176;;;;;;
01/03/2021;4400607;82;0;0;27788;1240;;;;;;
01/01/2021;4400636;53;0;0;22962;1394;;;;;;
01/01/2021;4400610;53;0;0;27385;1867;;;;;;
01/05/2021;4400640;55;0;0;24493;1040;;;;;;
01/05/2021;4400691;89;0;0;27670;1110;;;;;;
01/08/2021;4400248;63;0;0;27441;1134;;;;;;
01/07/2021;4400721;58;0;0;25458;1300;;;;;;
01/06/2021;4400344;52;0;0;25462;1700;;;;;;
01/03/2021;4400108;54;0;0;26203;1226;;;;;;
01/01/2021;4400833;77;0;0;24982;1425;;;;;;
01/08/2021;4400750;63;0;0;27936;1405;;;;;;
01/02/2021;4400801;91;0;0;21686;1710;;;;;;
01/02/2021;4400461;93;0;0;27885;1776;;;;;;
01/06/2021;4400883;56;0;0;24195;1997;;;;;;
01/03/2021;4400895;89;0;0;25916;1035;;;;;;
01/02/2021;4400432;58;0;0;23118;1839;;;;;;
01/07/2021;4400032;59;0;0;21766;1738;;;;;;
01/09/2021;4400563;60;0;0;24224;1940;;;;;;
01/09/2021;4400510;96;0;0;25693;1261;;;;;;
01/03/2021;4400191;89;0;0;21861;1053;;;;;;
01/07/2021;4400037;59;0;0;21291;1037;;;;;;
01/08/2021;4400732;66;0;0;22521;1056;;;;;;
01/06/2021;4400564;85;0;0;24017;1153;;;;;;
01/09/2021;4400222;65;0;0;28603;1306;;;;;;
01/03/2021;4400242;58;0;0;26361;1038;;;;;;
01/08/2021;4400825;65;0;0;23503;1817;;;;;;
01/03/2021;4400440;78;0;0;27867;1434;;;;;;
01/01/2021;4400722;84;0;0;23322;1788;;;;;;
01/08/2021;4400421;84;0;0;28109;1228;;;;;;
01/05/2021;4400740;99;0;0;22885;1528;;;;;;
01/06/2021;4400722;58;0;0;27786;1096;;;;;;
01/05/2021;4400830;85;0;0;23370;1835;;;;;;
01/02/2021;4400171;67;0;0;23152;1932;;;;;;
01/09/2021;4400123;75;0;0;27622;1398;;;;;;
01/09/2021;4400024;90;0;0;28925;1245;;;;;;
01/07/2021;4400018;97;0;0;21481;1781;;;;;;
01/02/2021;4400384;96;0;0;25584;1846;;;;;;
01/01/2021;4400323;52;0;0;22267;1019;;;;;;
01/03/2021;4400027;50;0;0;26109;1215;;;;;;
01/07/2021;4400673;63;0;0;24477;1912;;;;;;
01/07/2021;4400378;100;0;0;22850;1583;;;;;;
01/06/2021;4400322;96;0;0;27389;1114;;;;;;
01/09/2021;4400230;68;0;0;24686;1337;;;;;;
01/05/2021;4400878;68;0;0;24951;1101;;;;;;
01/02/2021;4400461;83;0;0;26700;1297;;;;;;
01/01/2021;4400043;67;0;0;27870;1402;;;;;;
01/07/2021;4400384;74;0;0;25016;1121;;;;;;
01/04/2021;4400725;66;0;0;24482;1122;;;;;;
01/07/2021;4400822;80;0;0;24975;1071;;;;;;
01/09/2021;4400160;91;0;0;26534;1557;;;;;;
01/04/2021;4400887;68;0;0;27501;1753;;;;;;
01/06/2021;4400072;56;0;0;26570;1200;;;;;;
01/04/2021;4400174;100;0;0;23259;1377;;;;;;
01/04/2021;4400244;59;0;0;27647;1112;;;;;;
01/02/2021;4400490;72;0;0;21474;1898;;;;;;
01/09/2021;4400609;64;0;0;28134;1621;;;;;;
01/02/2021;4400339;56;0;0;26423;1526;;;;;;
01/04/2021;4400149;63;0;0;28351;1412;;;;;;
01/04/2021;4400633;61;0;0;24677;1818;;;;;;
01/02/2021;4400412;98;0;0;23416;1657;;;;;;
01/05/2021;4400125;92;0;0;25740;1882;;;;;;
01/06/2021;4400576;84;0;0;26066;1348;;;;;;
01/02/2021;4400020;99;0;0;23688;1522;;;;;;
01/06/2021;4400707;70;0;0;22526;1862;;;;;;
01/01/2021;4400181;58;0;0;28408;1309;;;;;;
01/02/2021;4400002;86;0;0;24725;1889;;;;;;
01/09/2021;4400320;53;0;0;28170;1543;;;;;;
01/04/2021;4400381;88;0;0;21113;1637;;;;;;
01/02/2021;4400712;86;0;0;22896;1495;;;;;;
01/08/2021;4400574;83;0;0;24598;1507;;;;;;
01/06/2021;4400683;77;0;0;25434;1339;;;;;;
01/08/2021;4400455;81;0;0;25356;1400;;;;;;
01/08/2021;4400054;64;0;0;24456;1870;;;;;;
01/09/2021;4400318;81;0;0;21129;1830;;;;;;
01/08/2021;4400375;95;0;0;23757;1660;;;;;;
01/02/2021;4400457;50;0;0;25232;1549;;;;;;
01/06/2021;4400619;94;0;0;25627;1296;;;;;;
01/05/2021;4400455;95;0;0;21689;1840;;;;;;
01/06/2021;4400484;95;0;0;23697;1929;;;;;;
01/03/2021;4400497;62;0;0;28184;1471;;;;;;
01/05/2021;4400267;68;0;0;27354;1755;;;;;;
01/09/2021;4400348;88;0;0;27097;1568;;;;;;
01/05/2021;4400498;51;0;0;28846;1227;;;;;;
01/04/2021;4400420;69;0;0;23256;1167;;;;;;
01/09/2021;4400396;94;0;0;28547;1262;;;;;;
01/02/2021;4400274;95;0;0;22793;1835;;;;;;
01/09/2021;4400287;92;0;0;22309;1131;;;;;;
01/01/2021;4400438;62;0;0;27773;1703;;;;;;
01/02/2021;4400046;69;0;0;25250;1421;;;;;;
01/01/2021;4400061;53;0;0;27417;1184;;;;;;
01/06/2021;4400301;74;0;0;26109;1034;;;;;;
01/06/2021;4400329;62;0;0;25243;1924;;;;;;
01/02/2021;4400079;63;0;0;27067;1300;;;;;;
01/09/2021;4400142;82;0;0;29272;1168;;;;;;
01/02/2021;4400243;71;0;0;29029;1719;;;;;;
01/04/2021;4400828;75;0;0;25747;1069;;;;;;
01/01/2021;4400488;82;0;0;25179;1851;;;;;;
01/02/2021;4400899;61;0;0;24664;1515;;;;;;
01/07/2021;4400870;77;0;0;21190;1214;;;;;;
01/01/2021;4400518;73;0;0;26932;1593;;;;;;
01/01/2021;4400377;92;0;0;25823;1959;;;;;;
01/09/2021;4400277;61;0;0;22907;1413;;;;;;
01/08/2021;4400357;61;0;0;25127;1767;;;;;;
01/08/2021;4400765;97;0;0;28078;1854;;;;;;
01/01/2021;4400751;51;0;0;27571;1214;;;;;;
01/05/2021;4400237;95;0;0;23729;1343;;;;;;
01/04/2021;4400077;79;0;0;22674;1440;;;;;;
01/01/2021;4400858;87;0;0;27912;1280;;;;;;
01/03/2021;4400235;99;0;0;24821;1960;;;;;;
01/02/2021;4400414;84;0;0;21516;1043;;;;;;
01/02/2021;4400569;68;0;0;28751;1305;;;;;;
01/06/2021;4400575;84;0;0;22197;1260;;;;;;
01/01/2021;4400584;82;0;0;28097;1501;;;;;;
01/05/2021;4400664;50;0;0;28087;1460;;;;;;
01/06/2021;4400746;57;0;0;22718;1198;;;;;;
01/03/2021;4400536;95;0;0;28517;1531;;;;;;
01/04/2021;4400752;61;0;0;28546;1237;;;;;;
01/02/2021;4400388;57;0;0;27250;1262;;;;;;
01/07/2021;4400807;81;0;0;21637;1543;;;;;;
01/09/2021;4400560;81;0;0;29031;1776;;;;;;
01/02/2021;4400067;56;0;0;23041;1700;;;;;;
01/09/2021;4400066;61;0;0;29432;1580;;;;;;
01/08/2021;4400113;80;0;0;27066;1670;;;;;;
01/05/2021;4400491;95;0;0;27269;1944;;;;;;
01/02/2021;4400420;80;0;0;29401;1014;;;;;;
01/01/2021;4400687;55;0;0;21617;1977;;;;;;
01/08/2021;4400542;83;0;0;26478;1089;;;;;;
01/03/2021;4400654;90;0;0;29199;1664;;;;;;
01/02/2021;4400334;82;0;0;23501;1540;;;;;;
01/04/2021;4400425;82;0;0;27952;1312;;;;;;
01/06/2021;4400519;85;0;0;25789;1065;;;;;;
01/02/2021;4400638;63;0;0;27184;1037;;;;;;
01/01/2021;4400465;51;0;0;25279;1722;;;;;;
01/08/2021;4400740;93;0;0;27007;1568;;;;;;
01/08/2021;4400078;92;0;0;27928;1343;;;;;;
01/09/2021;4400381;78;0;0;22844;1435;;;;;;
01/06/2021;4400055;67;0;0;28268;1838;;;;;;
01/07/2021;4400469;89;0;0;26449;1776;;;;;;
01/05/2021;4400116;51;0;0;26081;1586;;;;;;
01/01/2021;4400854;68;0;0;25194;1931;;;;;;
01/08/2021;4400072;50;0;0;26959;1250;;;;;;
01/02/2021;4400024;77;0;0;23075;1320;;;;;;
01/08/2021;4400232;88;0;0;28449;1163;;;;;;
01/09/2021;4400307;78;0;0;22390;1153;;;;;;
01/06/2021;4400677;89;0;0;23574;1525;;;;;;
01/02/2021;4400034;79;0;0;24633;1830;;;;;;
01/05/2021;4400447;99;0;0;29266;1164;;;;;;
01/02/2021;4400121;51;0;0;21864;1255;;;;;;
01/07/2021;4400350;68;0;0;29312;1473;;;;;;
01/01/2021;4400377;88;0;0;23915;1744;;;;;;
01/05/2021;4400842;57;0;0;26135;1256;;;;;;
01/07/2021;4400044;96;0;0;23445;1627;;;;;;
01/07/2021;4400259;66;0;0;29018;1209;;;;;;
01/02/2021;4400600;90;0;0;24477;1111;;;;;;
01/01/2021;4400092;75;0;0;27427;1616;;;;;;
01/02/2021;4400542;79;0;0;23337;1349;;;;;;
01/02/2021;4400695;66;0;0;21818;1739;;;;;;
01/09/2021;4400072;100;0;0;22959;1776;;;;;;
01/05/2021;4400448;83;0;0;29078;1301;;;;;;
01/05/2021;4400368;65;0;0;28748;1505;;;;;;
01/07/2021;4400716;60;0;0;23580;1580;;;;;;
01/05/2021;4400139;93;0;0;28301;1419;;;;;;
01/07/2021;4400265;91;0;0;23511;1990;;;;;;
01/01/2021;4400769;100;0;0;26656;1317;;;;;;
01/05/2021;4400045;62;0;0;22909;1836;;;;;;
01/04/2021;4400700;65;0;0;24156;1833;;;;;;
01/08/2021;4400506;73;0;0;22432;1924;;;;;;
01/08/2021;4400064;96;0;0;24635;1687;;;;;;
01/01/2021;4400639;83;0;0;24390;1619;;;;;;
01/01/2021;4400000;85;0;0;28098;1333;;;;;;
01/07/2021;4400073;92;0;0;22219;1398;;;;;;
01/06/2021;4400099;96;0;0;28276;1589;;;;;;
01/08/2021;4400281;88;0;0;21879;1031;;;;;;
01/08/2021;4400363;100;0;0;21108;1888;;;;;;
01/04/2021;4400633;97;0;0;24185;1205;;;;;;
01/05/2021;4400462;54;0;0;27842;1115;;;;;;
01/02/2021;4400424;83;0;0;23454;1357;;;;;;
01/04/2021;4400832;98;0;0;29440;1031;;;;;;
01/02/2021;4400177;55;0;0;27141;1913;;;;;;
01/07/2021;4400076;64;0;0;23942;1076;;;;;;
01/03/2021;4400258;89;0;0;28844;1386;;;;;;
01/04/2021;4400299;70;0;0;24384;1883;;;;;;
01/09/2021;4400054;88;0;0;22810;1370;;;;;;
01/08/2021;4400783;94;0;0;26343;1802;;;;;;
01/09/2021;4400781;96;0;0;22822;1703;;;;;;
01/08/2021;4400398;98;0;0;26590;1260;;;;;;
01/09/2021;4400204;84;0;0;28149;1824;;;;;;
01/06/2021;4400893;55;0;0;26858;1797;;;;;;
01/09/2021;4400455;60;0;0;23328;1567;;;;;;
01/01/2021;4400576;52;0;0;22082;1847;;;;;;
01/08/2021;4400520;100;0;0;27495;1354;;;;;;
01/08/2021;4400656;87;0;0;26237;1933;;;;;;
01/01/2021;4400789;65;0;0;26372;1398;;;;;;
01/02/2021;4400330;69;0;0;22864;1336;;;;;;
01/08/2021;4400487;86;0;0;29375;1243;;;;;;
01/04/2021;4400537;59;0;0;23846;1857;;;;;;
01/06/2021;4400325;65;0;0;27796;1437;;;;;;
01/01/2021;4400577;73;0;0;23017;1097;;;;;;
01/04/2021;4400534;80;0;0;25357;1984;;;;;;
01/05/2021;4400544;64;0;0;25948;1898;;;;;;
01/04/2021;4400750;99;0;0;27092;1855;;;;;;
01/04/2021;4400633;88;0;0;27043;1848;;;;;;
01/07/2021;4400800;54;0;0;25754;1886;;;;;;
01/04/2021;4400426;57;0;0;21421;1554;;;;;;
01/07/2021;4400015;76;0;0;27373;1357;;;;;;
01/02/2021;4400132;67;0;0;24196;1161;;;;;;
01/08/2021;4400067;98;0;0;25665;1222;;;;;;
01/08/2021;4400568;73;0;0;23329;1041;;;;;;
01/02/2021;4400222;73;0;0;28512;1389;;;;;;
01/09/2021;4400083;61;0;0;23737;1929;;;;;;
01/08/2021;4400256;81;0;0;27630;1112;;;;;;
01/08/2021;4400058;97;0;0;23103;1513;;;;;;
01/02/2021;4400151;91;0;0;21991;1526;;;;;;
01/05/2021;4400218;85;0;0;27451;1877;;;;;;
01/05/2021;4400896;85;0;0;23994;1329;;;;;;
01/09/2021;4400596;95;0;0;21653;1695;;;;;;
01/02/2021;4400861;75;0;0;25329;1212;;;;;;
01/05/2021;4400605;56;0;0;23055;1672;;;;;;
01/04/2021;4400182;72;0;0;22194;1992;;;;;;
01/03/2021;4400010;52;0;0;25175;1591;;;;;;
01/01/2021;4400380;84;0;0;28420;1720;;;;;;
01/01/2021;4400885;97;0;0;26936;1349;;;;;;
01/02/2021;4400425;62;0;0;28438;1257;;;;;;
01/07/2021;4400000;54;0;0;24497;1492;;;;;;
01/08/2021;4400151;56;0;0;22800;1380;;;;;;
01/08/2021;4400711;70;0;0;24065;1810;;;;;;
01/02/2021;4400278;99;0;0;24364;1760;;;;;;
01/03/2021;4400454;64;0;0;23344;1639;;;;;;
01/09/2021;4400383;62;0;0;24458;1641;;;;;;
01/06/2021;4400113;100;0;0;23538;1110;;;;;;
01/07/2021;4400318;77;0;0;27991;1589;;;;;;
01/01/2021;4400705;82;0;0;21068;1033;;;;;;
01/04/2021;4400899;89;0;0;23283;1733;;;;;;
01/07/2021;4400146;56;0;0;26989;1361;;;;;;
01/01/2021;4400307;78;0;0;28455;1918;;;;;;
01/05/2021;4400764;90;0;0;25244;1689;;;;;;
01/01/2021;4400793;56;0;0;26831;1765;;;;;;
01/09/2021;4400570;54;0;0;25807;1425;;;;;;
01/01/2021;4400746;50;0;0;27002;1033;;;;;;
01/03/2021;4400875;76;0;0;28415;1648;;;;;;
01/09/2021;4400604;54;0;0;26687;1464;;;;;;
01/08/2021;4400635;91;0;0;26663;1828;;;;;;
01/02/2021;4400263;95;0;0;25687;1915;;;;;;
01/02/2021;4400319;65;0;0;24089;1988;;;;;;
01/09/2021;4400134;69;0;0;25439;1254;;;;;;
01/08/2021;4400144;92;0;0;25671;1441;;;;;;
01/04/2021;4400109;65;0;0;22854;1743;;;;;;
01/04/2021;4400783;96;0;0;25973;1123;;;;;;
01/09/2021;4400018;76;0;0;26221;1975;;;;;;
01/01/2021;4400277;80;0;0;26722;1011;;;;;;
01/07/2021;4400689;64;0;0;26047;1746;;;;;;
01/02/2021;4400032;74;0;0;23035;1070;;;;;;
01/09/2021;4400610;60;0;0;24794;1357;;;;;;
01/07/2021;4400520;80;0;0;21702;1411;;;;;;
01/01/2021;4400212;52;0;0;24181;1282;;;;;;
01/04/2021;4400609;73;0;0;24914;1189;;;;;;
01/01/2021;4400786;59;0;0;21722;1971;;;;;;
01/06/2021;4400284;76;0;0;25058;1837;;;;;;
01/05/2021;4400757;92;0;0;25325;1662;;;;;;
01/06/2021;4400805;69;0;0;26725;1807;;;;;;
01/06/2021;4400472;75;0;0;25363;1750;;;;;;
01/07/2021;4400379;63;0;0;22889;1645;;;;;;
01/07/2021;4400488;96;0;0;27647;1032;;;;;;
01/03/2021;4400175;77;0;0;24978;1784;;;;;;
01/01/2021;4400321;69;0;0;24610;1684;;;;;;
01/07/2021;4400072;50;0;0;24230;1364;;;;;;
01/06/2021;4400865;98;0;0;26297;1542;;;;;;
01/06/2021;4400268;75;0;0;28475;1676;;;;;;
01/06/2021;4400881;99;0;0;22923;1443;;;;;;
01/02/2021;4400586;96;0;0;27581;1186;;;;;;
01/09/2021;4400027;81;0;0;22932;1598;;;;;;
01/02/2021;4400685;52;0;0;22158;1551;;;;;;
01/09/2021;4400035;99;0;0;28476;1776;;;;;;
01/04/2021;4400241;93;0;0;25703;1118;;;;;;
01/09/2021;4400345;65;0;0;24944;1450;;;;;;
01/08/2021;4400642;51;0;0;29097;1681;;;;;;
01/03/2021;4400578;72;0;0;27268;1109;;;;;;
01/04/2021;4400280;63;0;0;26301;1624;;;;;;
01/02/2021;4400174;65;0;0;29012;1791;;;;;;
01/09/2021;4400001;88;0;0;25841;1160;;;;;;
01/06/2021;4400381;78;0;0;25922;1998;;;;;;
01/03/2021;4400887;59;0;0;24067;1814;;;;;;
01/06/2021;4400780;58;0;0;24691;1854;;;;;;
01/04/2021;4400871;74;0;0;26257;1627;;;;;;
01/01/2021;4400249;50;0;0;21195;1870;;;;;;
01/05/2021;4400482;53;0;0;22851;1713;;;;;;
01/06/2021;4400523;74;0;0;21374;1668;;;;;;
01/06/2021;4400446;74;0;0;23389;1943;;;;;;
01/06/2021;4400534;63;0;0;22968;1901;;;;;;
01/06/2021;4400893;96;0;0;26113;1980;;;;;;
01/02/2021;4400700;56;0;0;22856;1276;;;;;;
01/03/2021;4400389;64;0;0;22909;1781;;;;;;
01/03/2021;4400749;90;0;0;27368;1740;;;;;;
01/06/2021;4400309;89;0;0;28721;1025;;;;;;
01/07/2021;4400444;52;0;0;26721;1422;;;;;;
01/04/2021;4400218;86;0;0;27251;1144;;;;;;
01/07/2021;4400273;80;0;0;21285;1113;;;;;;
01/08/2021;4400573;75;0;0;25984;1017;;;;;;
01/02/2021;4400584;60;0;0;25123;1401;;;;;;
01/06/2021;4400159;88;0;0;28245;1450;;;;;;
01/04/2021;4400087;83;0;0;28776;1407;;;;;;
01/03/2021;4400147;55;0;0;28458;1359;;;;;;
01/04/2021;4400901;76;0;0;27687;1766;;;;;;
01/07/2021;4400116;57;0;0;26077;1389;;;;;;
01/07/2021;4400238;98;0;0;24013;1602;;;;;;
01/08/2021;4400594;93;0;0;25436;1798;;;;;;
01/03/2021;4400344;81;0;0;28300;1809;;;;;;
01/06/2021;4400538;57;0;0;29261;1777;;;;;;
01/03/2021;4400163;79;0;0;27205;1025;;;;;;
01/08/2021;4400843;81;0;0;21141;1340;;;;;;
